S1,ST,S1_conf,ST_conf,names
2.4965108374330405e-06,0.0009527812477412301,0.04397114680711969,0.0625726455742359,dummy
0.02444597503521992,0.02545225021623898,0.04213465239350273,0.07054140850972138,a
0.6169889528929042,0.6199356766735344,0.04550011192197599,0.07204062466673179,b
5.709423085546798e-05,0.00108353641764658,0.04583056115195358,0.0683729328819116,lens_diam
0.004282689495813732,0.005462610481132502,0.048315021262982816,0.07087165716283204,lens_thick
0.3496052869612216,0.35114524148120074,0.042524726189610416,0.07079518594274035,h_va
