S1,ST,S1_conf,ST_conf,names
1.294425241132526e-08,0.0002977555987460079,0.0502934847894517,0.08109951138319368,dummy
0.0722575514044265,0.07284776407749227,0.04952316473378666,0.08244200055841493,a
0.7219464661872242,0.7244864984630022,0.06207301946582362,0.0849811147277405,b
0.0005220880266914152,0.0010678834410499105,0.05920686546052088,0.0744717978188507,lens_diam
0.00038054572589201266,0.0009597342385122554,0.060844327388663744,0.08204612802703046,lens_thick
0.20680404758139972,0.20803247515843393,0.05436618094557475,0.08510587670160026,h_va
