S1,ST,S1_conf,ST_conf,names
2.0959639536791728e-07,0.0021586574003658043,0.11132023488663335,0.13091514827981948,dummy
0.0683574106966182,0.07115847260735553,0.1360349954698623,0.1258066088086385,a
0.7020959348899242,0.7047901297637469,0.10116589539404312,0.11990691263236081,b
0.0022486292589684164,0.0031439011056010324,0.11433133495138584,0.10792532218923681,lens_diam
0.001651650621315916,0.00246876512582217,0.11046880710539471,0.11134288827328645,lens_thick
0.20061289364238002,0.20198175799679285,0.113452740002925,0.11941119597492172,h_va
