S1,ST,S1_conf,ST_conf,names
3.1663192596959055e-06,0.0006281620726412696,0.044163712652649734,0.06894007002268858,dummy
0.07229181487743913,0.07338408567774446,0.044827528489798193,0.0757135258858587,a
0.7160162105951126,0.7186814361459866,0.04257832524256766,0.06586400351105028,b
0.0004993530057727378,0.0012375503856035808,0.048278889470637215,0.07282531075173368,lens_diam
0.0003905534091435499,0.0011721135896917145,0.03892860681096753,0.07097102720740282,lens_thick
0.20688714691366986,0.2077409428832402,0.04543665509234853,0.07743567039960488,h_va
