S1,ST,S1_conf,ST_conf,names
1.4934161497034765e-07,0.0021626052918635175,0.10436526303691726,0.1113523820659509,dummy
0.067112618420809,0.06857986921835635,0.1033323939674384,0.1154680347083245,a
0.701015637785528,0.7032885057238951,0.1163751845970433,0.1375967302722147,b
0.002163483669887539,0.0030210469997559164,0.11796159200528555,0.11933468971360152,lens_diam
0.0016276066255832802,0.002486851841232429,0.10486894935213083,0.10246587238680488,lens_thick
0.20621461354948686,0.20758700352392145,0.12300014414324295,0.14073645653485803,h_va
