S1,ST,S1_conf,ST_conf,names
5.515277079162457e-10,0.0005424090584814634,0.027006544412743676,0.051381943717261166,dummy
0.06678543225303356,0.06766011880303413,0.02504712612600063,0.04860381175824851,a
0.7363959856304098,0.739020211799963,0.02658859075964494,0.05686339398976786,b
0.00052363378609431,0.0016062602302637785,0.025846826789987256,0.05631525769504195,lens_diam
0.0003639967809161983,0.001300165465454639,0.022888147084493743,0.048822598358740976,lens_thick
0.20781867127182357,0.20873667382478844,0.02591622150252571,0.048071807584689825,h_va
