S1,ST,S1_conf,ST_conf,names
1.1507195802105766e-06,0.002048782780074254,0.12507695380513065,0.11722139115423186,dummy
0.2643177132696705,0.2682960469157071,0.13069850169283237,0.109810051509382,a
0.8405942587214632,0.8464568772514176,0.1131446459076188,0.11328976797568649,b
0.0002411252712038981,0.0021613531524784513,0.10304223559114788,0.11785736736141285,lens_diam
0.004202810486395362,0.0049372097645509205,0.10716260420501418,0.1098843445654256,lens_thick
0.08141779082481387,0.08387772328107956,0.1188912668968759,0.10177897126462365,h_va
0.19053433627880567,0.19195346061695495,0.10569520181685704,0.11091517829069812,D
0.012862164288532171,0.013232221497590624,0.09741369291226315,0.11546380399189354,k_va
0.03396260888497124,0.035115402089795356,0.10557939475974559,0.1134620926104571,k_vr
