S1,ST,S1_conf,ST_conf,names
5.657894907395389e-08,0.0002124855851101115,0.024392390745659923,0.0612433320159348,dummy
0.07905250787892826,0.08072412552870001,0.025362494694796255,0.055743171155862935,a
0.7075220544988019,0.7122734489156717,0.03167434366849822,0.04975431906512026,b
7.666038465071495e-05,0.0008030604398537866,0.029689398973502378,0.05274126620611041,lens_diam
0.001353956054239457,0.001804407542448705,0.030413590840387302,0.05476581556954399,lens_thick
0.05963568204739307,0.06082327562627965,0.03123625565716134,0.05623324519834678,h_va
0.1507972667152945,0.15247458915178103,0.03321987195437413,0.05920910860255575,D
0.0031884442135014695,0.003801966884260821,0.02634388602127786,0.05617860707065481,k_va
0.008383778935428163,0.009337184223361494,0.02600096777163819,0.05748996588521211,k_vr
