S1,ST,S1_conf,ST_conf,names
2.0965158740247045e-06,0.0017363838710047208,0.032313516772332074,0.05699814440423662,dummy
0.2861822157195354,0.28981612684471336,0.03214743116705491,0.05791470961268819,b
0.19053301177195786,0.195168800675235,0.03126753441667315,0.05439634034505365,h_va
0.09813680137889828,0.10052883329995033,0.03266976630012212,0.05379343370406801,D
0.25970320763238436,0.26398873992393523,0.02656255615682177,0.05203655076822606,k_va
0.18407343804557627,0.19092316152772304,0.028066209557133417,0.06252308022283062,k_vr
