S1,ST,S1_conf,ST_conf,names
3.838726507590425e-06,0.0003248635587332904,0.05260644861454514,0.05728180817379277,dummy
0.09515389745077103,0.09705420320751901,0.0411558645403029,0.07403927734259524,a
0.7126536414665059,0.7179771328357002,0.046142537439458765,0.06481714002403882,b
0.00011441071002419953,0.0012210121739697488,0.044157183968040054,0.06737344812543954,lens_diam
0.0017264434750704015,0.002312777602375915,0.047620650318800105,0.071099862443002,lens_thick
0.07125854194653022,0.07210174739030939,0.03979701382660192,0.06960180371803124,h_va
0.17784550031122295,0.1797087298482677,0.044554056615950854,0.07172624443023282,D
0.005331022798986029,0.0055982329778478945,0.045918694519332524,0.06681460543170521,k_va
0.01246403063789797,0.01342941911042983,0.04193433591680928,0.06341716362357705,k_vr
