S1,ST,S1_conf,ST_conf,names
1.594897710201149e-05,0.0013227261895201181,0.10823927050593142,0.10541382054926607,dummy
0.011831509123412695,0.012983125416944241,0.10536390151447239,0.10558546391064448,a
0.1505266632519835,0.15353463004886136,0.10274018235251602,0.1274319477791667,b
3.6018941652194404e-05,0.0022172849854465992,0.11983546772832672,0.11355800205402103,lens_diam
0.0034802486955378418,0.007215125028459779,0.12913832714232795,0.11952144217354758,lens_thick
0.2598509765604055,0.26690550041262895,0.12127279813400778,0.11566144329229307,h_va
0.19741836893247167,0.20185860164753955,0.10544124448728062,0.11755864442444222,D
0.2577973329120546,0.2652509589051836,0.11316058552730704,0.11520236138525164,k_va
0.2763174390326311,0.2904183412641099,0.10609585795933348,0.12248700452657556,k_vr
