S1,ST,S1_conf,ST_conf,names
1.583551811793124e-06,0.0006573149452537841,0.03512939384957205,0.062175198570570245,dummy
0.09269453717860694,0.09534038652904842,0.04043406068276208,0.05795770933683694,a
0.7362242273323432,0.7402871478778555,0.04185550537196341,0.06220677059247587,b
5.8921270049751956e-05,0.0013817525812460651,0.03323875740951986,0.06420851734603568,lens_diam
0.0014008673841735472,0.0021937439461406916,0.04231883893215385,0.05664220567616984,lens_thick
0.06417413539016938,0.06612628374347207,0.03900125628038082,0.06947263354885476,h_va
0.15923973234692024,0.16075358635355408,0.03696056535239311,0.0623299541832682,D
0.003392389952425508,0.0037642751421873566,0.03796287247821596,0.07284475143472043,k_va
0.008459864643473964,0.009306536434129042,0.0394087814459771,0.06396064940749563,k_vr
