S1,ST,S1_conf,ST_conf,names
1.5772085393409172e-07,0.0003215610568818583,0.06108671835612874,0.07991948792434732,dummy
0.24444315619827786,0.24633311658125834,0.06324297452246935,0.08483452258539591,a
0.8818226394797555,0.8861184442734624,0.05164928332188469,0.0765770959643689,b
9.898491960249752e-05,0.0013595701846063069,0.06379715958668909,0.0802830060675834,lens_diam
0.0019163326742711142,0.002745061872352683,0.05889204734256238,0.08570070274170023,lens_thick
0.08481338613259522,0.08677620010919618,0.060441289831880456,0.07605132404888068,h_va
0.1990514654346007,0.2016082127064689,0.056746393057398606,0.0830679254445781,D
0.015220203560543617,0.016128305570019652,0.05291321977126008,0.0735861239914971,k_va
0.03954055512356204,0.04078468414323011,0.051068324077111094,0.08326261809081001,k_vr
