S1,ST,S1_conf,ST_conf,names
2.42878768582653e-06,0.0026397950446237495,0.05581673705835848,0.08398079192405063,dummy
0.019248821905084878,0.021873991789997604,0.05516168004058931,0.0803685075543463,a
0.25840497091157133,0.2617692378812001,0.058426872103488015,0.06731786179123136,b
6.106718607947289e-05,0.0018101718732383976,0.057270200442594045,0.07476035314806688,lens_diam
0.004406958370653486,0.00665931058405822,0.06159282644520271,0.08270831555203949,lens_thick
0.3401904600861584,0.3468285970041647,0.05579893888505209,0.07054638215878917,h_va
0.29577939899837685,0.30111320464855984,0.05811551831094821,0.08095436793667041,D
0.3780228430315291,0.3855218529456631,0.05434323486364163,0.08002912064352705,k_va
0.4066095687988181,0.41745578124998783,0.058082417968847166,0.08001271909871527,k_vr
