S1,ST,S1_conf,ST_conf,names
1.583551811793124e-06,0.0006573149452537841,0.04266007908449253,0.07211082817083027,dummy
0.09269453717860694,0.09534038652904842,0.04057404933557133,0.07152306185242002,a
0.7362242273323432,0.7402871478778555,0.039661051343326065,0.07279499663958365,b
5.8921270049751956e-05,0.0013817525812460651,0.0330922890600931,0.0713773432959266,lens_diam
0.0014008673841735472,0.0021937439461406916,0.046758038338326244,0.0681149327406167,lens_thick
0.06417413539016938,0.06612628374347207,0.041760709072439686,0.07274832935282881,h_va
0.15923973234692024,0.16075358635355408,0.03916299118647613,0.06717351289434029,D
0.003392389952425508,0.0037642751421873566,0.039273822711097056,0.06505476760290392,k_va
0.008459864643473964,0.009306536434129042,0.04172538908594765,0.06205191089382681,k_vr
