S1,ST,S1_conf,ST_conf,names
0.00018403536553677607,0.005300347859679588,0.12479275086364681,0.11618985641286217,dummy
0.16854020989639773,0.17440928749940277,0.09486377376871084,0.11275901265150023,b
0.25320252317020475,0.25753336210969346,0.12086538927025915,0.12057146648925156,h_va
0.1273469526087112,0.12897153523531668,0.12085761975918619,0.1090524943565342,D
0.24190813183293366,0.2456501018976368,0.1031753360751195,0.11800939744132213,k_va
0.15027924335401863,0.15536623365901492,0.10171462799495955,0.10004997179766409,k_vr
