S1,ST,S1_conf,ST_conf,names
1.4381686317520698e-06,0.0014527081284544385,0.03754536528863228,0.06068369351176265,dummy
0.01965781184068414,0.021255081978468038,0.0353294531454522,0.061602066572748186,a
0.24055794303216144,0.24317865246112103,0.04295550672210337,0.06778528745185111,b
2.3213044085499356e-05,0.0009052262343259843,0.039583630517596384,0.06500718763501075,lens_diam
0.002351531546481295,0.003368760186554076,0.04108121445943695,0.0724626254229829,lens_thick
0.18004543814278606,0.18265387148415113,0.03766625875620429,0.0701235312234018,h_va
0.14705273775468522,0.14858222046783032,0.039277205058378756,0.06713751897507686,D
0.23331852600037342,0.23735410419987057,0.0376401864392036,0.061179672008601305,k_va
0.24344405867248017,0.24817713222727378,0.04057446176799936,0.07441940920295402,k_vr
