S1,ST,S1_conf,ST_conf,names
7.15320022356671e-07,0.002103176659034256,0.027804219005168256,0.0545297954867255,dummy
0.010489026804684581,0.012778907088243141,0.028565202727557963,0.060485252837937285,a
0.2656551011779512,0.2705393718574485,0.027468175043124602,0.05747131702730586,b
1.9920174709859785e-05,0.002728096976239991,0.029376503610919605,0.06465160445262867,lens_diam
0.001877543796757488,0.004097746697252047,0.030487510149003565,0.0553424054799073,lens_thick
0.1485625370895901,0.1529240798319429,0.023133384529239163,0.058622339253828794,h_va
0.12852072449389604,0.1318934549022035,0.032720321668349185,0.05048920254092892,D
0.21040533920829307,0.21481331590244102,0.02819485909197431,0.05606025754496059,k_va
0.22585489693079197,0.2337042230444537,0.03755192620500373,0.051435839243156645,k_vr
