S1,ST,S1_conf,ST_conf,names
1.6712010578406477e-07,0.0011988198348488188,0.02593559126109743,0.05313093394406988,dummy
0.010267575013878712,0.011813943873854926,0.022365713940048104,0.0506783241934246,a
0.2660195012180364,0.27041005265492724,0.026206931259858148,0.05250779544830009,b
2.3456833499087614e-05,0.0016613563460532443,0.023938429564436568,0.04692985045477565,lens_diam
0.0019663299005245236,0.0032907767480812034,0.02071990542126086,0.05222213034941684,lens_thick
0.14735539246526466,0.15063986185191536,0.024191563784845486,0.05079194936473066,h_va
0.12344844298280029,0.12555899764333567,0.027988244995503852,0.05799844655752796,D
0.22149492190415618,0.22547701063849068,0.02885204854062405,0.052984812753075046,k_va
0.2194555041705746,0.2255938836589434,0.02633896439082822,0.04938686341657065,k_vr
