S1,ST,S1_conf,ST_conf,names
1.2535940265053965e-06,0.000922140697358298,0.04644057017987128,0.06698668764947448,dummy
0.020932712980132172,0.022031192977127634,0.045532624099295725,0.06791712188144423,a
0.2568268044617134,0.2597322451731633,0.04999285724114356,0.06535549039159864,b
3.557292027574494e-05,0.0012275720477662455,0.0493846050093815,0.05662705083141663,lens_diam
0.004858114469278373,0.006205571818760358,0.04354603685971327,0.06927573605327433,lens_thick
0.36105646282327275,0.36347250940031206,0.05052479699561283,0.061770737978930214,h_va
0.3166872157279998,0.31811937599404205,0.04210060967850615,0.06957741055748239,D
0.4651557096389426,0.4721441482671843,0.05306395251168832,0.06931718246757106,k_va
0.4760846117436293,0.47984593667524045,0.05212719422252535,0.06754636808800311,k_vr
