S1,ST,S1_conf,ST_conf,names
0.00023121658963433232,0.00441138284126541,0.06055531574540052,0.07714828346757989,dummy
0.29017326207995464,0.29524020307759435,0.06235219218018949,0.07772839497639064,b
0.1824775349114358,0.1876196934566119,0.06304223242342878,0.09235044917080232,h_va
0.10828373400954137,0.11109123293124323,0.060719268072153214,0.08949855772902343,D
0.2424674127315433,0.24523609345060526,0.06053117282042584,0.07343888394882374,k_va
0.15161065367607476,0.15540700232300986,0.05855405815355968,0.0798750726197103,k_vr
